{
  "project_info": {
    "project_number": "734421281531",
    "project_id": "virtualranger",
    "storage_bucket": "virtualranger.appspot.com"
  },
  "client": [
    {
      "client_info": {
        "mobilesdk_app_id": "1:734421281531:android:8d33a2d09b628e6cf55e5e",
        "android_client_info": {
          "package_name": "com.example.virtual_ranger"
        }
      },
      "oauth_client": [
        {
          "client_id": "734421281531-pkfs0ncgref672d0s5q668bmb0pdtmpv.apps.googleusercontent.com",
          "client_type": 1,
          "android_info": {
            "package_name": "com.example.virtual_ranger",
            "certificate_hash": "413460e22a72e029bbeba4a1b3bf4d21ebaaf593"
          }
        },
        {
          "client_id": "734421281531-ddg5g74ejabn1flgo4qi6aj1h9lgs6bq.apps.googleusercontent.com",
          "client_type": 3
        }
      ],
      "api_key": [
        {
          "current_key": "AIzaSyBH5lvj0oKmCEhJfbI4_NoRqFk1VCRYl9s"
        }
      ],
      "services": {
        "appinvite_service": {
          "other_platform_oauth_client": [
            {
              "client_id": "734421281531-ddg5g74ejabn1flgo4qi6aj1h9lgs6bq.apps.googleusercontent.com",
              "client_type": 3
            }
          ]
        }
      }
    }
  ],
  "configuration_version": "1"
}